Adeline,Tran
Leo,Alvarez
Louis,Hansen
Frank,Cooper
Glen,Scott
Martha,Howell
Fannie,Love
Mable,Taylor
Devin,Rhodes
Rosetta,Barton
Cecelia,Malone
Marcus,Hogan
Milton,Russell
Sallie,Fernandez
Eugene,Dawson
Todd,Pratt
Micheal,Neal
Bernard,Daniel
Dale,Zimmerman
Mina,Ramsey
Leroy,Ray
Sophia,Jenkins
Erik,Warren
Mattie,Rodriguez
Nathan,Wolfe
Shane,Romero
Mark,Murray
Herman,Pena
Keith,Dennis
Genevieve,Fletcher
Max,Stone
Tony,Pittman
Beatrice,Coleman
Sara,Adkins
Frances,Ramsey
Lora,Ballard
Adele,Mullins
Kate,Fuller
Hilda,Williams
Oscar,Fields
Bryan,McBride
Olivia,McCoy
Christine,Sanders
Nettie,McGuire
Cory,Salazar
Clyde,Caldwell
Alejandro,Lawson
Logan,Wheeler
Rosetta,Douglas
Alfred,Bailey
Lelia,Harris
Danny,Carpenter
Ophelia,Barber
Hattie,Hughes
Polly,Mitchell
Brian,Sims
Cameron,Figueroa
Arthur,Hanson
Glen,Townsend
Georgie,Mills
Lina,Atkins
Francis,Wilkerson
Ina,Guzman
Hunter,Benson
Isabelle,Rowe
Theresa,Colon
Ollie,Sandoval
Sadie,Wood
Norman,Snyder
Delia,Bowers
Iva,Curtis
Henrietta,Duncan
Isaiah,Norris
Franklin,Ellis
Mae,Mendoza
Peter,Warner
Callie,Parsons
Steven,Carpenter
Sam,Hampton
Dale,Brewer
Elizabeth,Quinn
Allen,Snyder
Adele,Ortiz
Wayne,Simon
Amanda,Mathis
Delia,Mack
Maggie,Cox
Ora,Jenkins
Calvin,Wong
Lulu,Hoffman
Eddie,Sharp
Agnes,Curtis
Louis,Ward
Vera,Brooks
Matilda,Gonzalez
Dorothy,Shelton
Maurice,Griffith
Ida,Obrien
May,Ray
Nancy,Ramirez
Adeline,Padilla
Rosetta,Estrada
Elijah,Knight
Dorothy,Curtis
Clyde,Pearson
Alvin,Klein
Lucile,Sanders
Eva,Stone
Lola,Wagner
Noah,Colon
Jerry,Ford
Jonathan,Abbott
Bruce,Stevenson
Francis,Park
Bessie,Keller
Lida,Meyer
Josie,Park
Robert,Weber
Jerry,Drake
Lou,Higgins
Estelle,Bates
Effie,Palmer
Henrietta,White
Blake,Ray
Rena,Conner
Estelle,Christensen
Jackson,Parks
Milton,Bryant
Celia,Shelton
Minerva,Armstrong
Eliza,Riley
Amy,Banks
Emma,Mack
Kate,Santiago
Justin,Leonard
Louis,Schmidt
Elmer,Hughes
Mark,Walton
Zachary,Coleman
Maggie,Hamilton
Nettie,Greene
Mildred,Scott
Cory,Silva
Lida,Andrews
Hallie,Carr
Nathaniel,Hanson
Evan,Guzman
Olivia,Schneider
Alexander,Massey
Patrick,Moss
Gabriel,Thompson
Dollie,Jimenez
Laura,Park
Hilda,Caldwell
Lena,Jackson
Jimmy,Palmer
Dennis,Griffith
Harvey,Morton
Edna,Jennings
Wayne,Myers
Luke,Cook
Timothy,Owen
Daisy,Mendez
Isaac,Harmon
Nathaniel,Franklin
Philip,Oliver
Edna,Barker
Lenora,Armstrong
Mollie,Cox
Johanna,Ball
Marcus,Bridges
Mina,Graham
Marvin,Gardner
Lida,Matthews
Samuel,Coleman
Lettie,Mendoza
Anne,Vasquez
Rose,Smith
Amelia,Watson
Logan,Lyons
Loretta,Rhodes
Nellie,Craig
Dora,Harper
William,Miles
Isabelle,Dean
Douglas,Houston
Stella,Osborne
Marguerite,Pierce
Leona,Ramirez
Madge,Reid
Paul,Osborne
Paul,James
Juan,Hughes
Daisy,Bowen
Ricardo,Conner
Ethan,Holland
Victoria,Jackson
Lloyd,Ramirez
Tom,Nichols
Justin,Knight
Edna,Fernandez
Wayne,Todd
Addie,Guerrero
Larry,Wells
Cecilia,Simpson
Christina,Montgomery
Jared,Potter
Margaret,Patterson
Jacob,Schmidt
Martha,Padilla
Mayme,Sutton
Francis,Dean
Manuel,Fisher
Ryan,Bowman
Mary,Lindsey
Marvin,Rivera
Aiden,Becker
Jayden,Wise
Duane,Reid
Ethan,Owens
Barbara,Todd
William,Carroll
Barry,Figueroa
Landon,Frazier
Scott,Bates
Jessie,Pearson
Willie,Hale
Violet,Lynch
Ina,Kelly
Roxie,Herrera
Noah,Briggs
Hester,Hines
Alejandro,Malone
Melvin,Fisher
Effie,Ward
Logan,Palmer
Kathryn,Pierce
Augusta,Lindsey
Clifford,Ball
Calvin,Holland
David,Carroll
Jordan,Bowen
Herbert,Bell
Beatrice,Murphy
Brent,Atkins
Gerald,Bryan
Rena,Harrington
Blake,Wong
Jacob,McDonald
Eugene,Singleton
Earl,McBride
Ruth,Guerrero
Adam,Morrison
Eva,Mack
Kenneth,Morton
Winnie,Boone
Kathryn,Robertson
Leah,Frank
Jerome,Roy
Viola,Garcia
Jack,Alvarez
Cynthia,Flores
Mathilda,McCoy
Adeline,Lindsey
Leo,Reid
Mike,Davis
Charlie,Paul
Catherine,Keller
Dean,Santos
Jerry,Jones
Lina,Mitchell
Louise,Vaughn
Walter,Jensen
Clarence,Lindsey
Kate,Fitzgerald
Frank,Ortega
John,Buchanan
Gilbert,McCarthy
Emma,Greene
May,Aguilar
Shawn,Tran
Lee,Owens
Jon,Wood
Georgia,Goodman
John,Gregory
Dustin,Gonzales
Jim,Farmer
Leila,Waters
Carrie,Weaver
Gertrude,Hall
Willie,Cruz
William,Stanley
Raymond,Hernandez
Norman,McLaughlin
Ronald,Bates
Lula,Lindsey
Brent,Saunders
Bruce,Steele
Jason,Jensen
Glen,Fernandez
Ian,Stevens
Gabriel,Arnold
Lloyd,Wilkerson
Craig,Hammond
Elijah,Figueroa
Iva,McDaniel
Jeanette,Klein
Evan,Valdez
Jack,Townsend
Dorothy,Woods
Earl,Barnes
Myrtie,Summers
Glen,Rhodes
Genevieve,Dennis
Edwin,Robbins
Terry,Hanson
Margaret,Soto
Max,Daniels
Delia,Chavez
Beatrice,Frazier
Birdie,Reese
Hannah,Rogers
Max,Fleming
Cornelia,Clarke
Lucile,Horton
Alice,Williams
John,Wright
Alvin,Washington
Ian,Clayton
Jessie,Mason
Phoebe,Valdez
Millie,Weaver
Millie,Haynes
Derek,Gonzalez
Gene,Herrera
Brandon,Tyler
Jerry,Berry
Marc,Cooper
Nathan,Butler
Josephine,Thornton
Maude,Lyons
Lucile,Hammond
Susan,Chandler
Allie,Floyd
Carrie,Murray
Corey,Reynolds
Matthew,McCarthy
Mina,McCarthy
Herbert,McDonald
Isaiah,Daniel
Derek,Williams
Jim,Lyons
Dollie,McGuire
Jessie,Armstrong
Ina,Garza
Hallie,Love
Leah,Chambers
Glen,Owen
Jeremy,Phillips
Mathilda,Owens
Brian,Larson
Bertha,Gonzales
Brett,James
Fanny,Berry
Amelia,Cain
Mina,Perkins
Glenn,Yates
Carolyn,King
Jesus,Henry
Clarence,Snyder
Sean,Harrington
Eva,Webster
Claudia,Harvey
Elijah,Caldwell
Bradley,Morgan
Nancy,Copeland
Jimmy,Vasquez
Helen,Allison
Charles,Cortez
Bessie,Wood
Inez,Rodriquez
Norman,Hughes
Jonathan,Curry
Gavin,Bush
Fred,Douglas
Jonathan,Howell
Rosalie,Bowers
Jared,Carson
Dollie,Phelps
Lydia,Houston
Steve,Wright
Sam,Sanchez
Chase,Cole
Eugene,Nguyen
Sadie,Lee
Mitchell,Curry
Gertrude,Collier
Francisco,Lawson
Brian,Owens
Nathan,Adkins
Alta,Quinn
Russell,Phelps
Bernard,Simmons
Amelia,Houston
Bertie,Russell
Leila,Sanders
Gertrude,Harrison
Barry,Reid
Antonio,Santiago
Allie,Mathis
Jeremiah,Collier
Louisa,Bush
Joe,Brown
Gordon,McDonald
Esther,Clarke
Wayne,Ford
Seth,Carter
Alan,Jenkins
Cody,Waters
Ryan,Massey
Curtis,Carr
Bertie,Paul
Leo,Graham
Tommy,Wallace
Edith,Austin
Warren,Fletcher
Glen,Sherman
Vincent,Stewart
Bessie,Walton
Ray,Meyer
Bernice,Roy
Willie,Sandoval
Celia,Weaver
Johnny,Hart
Mario,Santos
Phillip,Frazier
Corey,Poole
Myrtle,Simpson
Bill,Brock
Luke,Mendez
Michael,Chandler
Jon,Frank
Cecelia,Weber
Susan,Young
Christine,Stevenson
Leo,Frank
Helen,Howell
Jeff,Kelley
Troy,Terry
Ann,Reynolds
Austin,Ballard
Mason,Ruiz
Barry,Holloway
Louis,Dixon
Ella,Todd
Jennie,Hunter
Maggie,Manning
Carrie,Davis
Frances,Stevens
Lois,Powell
Mark,Powers
Agnes,Glover
Milton,Santiago
Derek,Nelson
Lloyd,Barnes
Craig,Miller
Luis,Howard
Louisa,Santos
Lora,Lewis
Mollie,Drake
Henrietta,Adams
Isaac,Rodgers
Jeffrey,Delgado
Bruce,Valdez
John,Bowen
Lester,Bush
Russell,Todd
Ernest,Fox
Owen,Crawford
Ralph,Gray
John,French
Luella,Rhodes
Bruce,French
Lillie,Griffith
Olive,Black
Sally,Fox
Estella,Cook
Wesley,Wolfe
Ricardo,Wheeler
Allen,Parsons
Earl,Hall
Lenora,Henry
Sarah,Reynolds
Minerva,Fowler
Eleanor,Tucker
Sadie,McGee
Sean,Garrett
Elijah,Reed
Eunice,Jenkins
Florence,Crawford
Lida,Maxwell
Maurice,Rodgers
Virgie,Valdez
Leah,Harrison
Adrian,Martin
Daniel,Sparks
Leila,Lynch
Isabel,Stevens
Willie,Flowers
Addie,Powers
Stella,McDonald
Carlos,Payne
Lelia,Armstrong
Donald,Dixon
Gussie,McDonald
Ronald,Thomas
Jon,Hogan
Harvey,Johnston
Jayden,Gray
Willie,Wagner
Jay,White
Howard,Davis
Henry,Hines
Kathryn,Mann
Lelia,Sanchez
Harriet,Glover
Marian,Bowman
Clifford,Rhodes
Austin,Mack
Anthony,Lindsey
Rose,Marshall
Lucas,Walsh
Arthur,Craig
Jorge,Collier
Johanna,Ray
Nathaniel,Curry
Jane,Stewart
Katharine,Robertson
Ivan,Walsh
Tony,Holmes
Eula,Manning
Genevieve,Tucker
Dylan,Johnston
Rena,Lyons
Emily,Wade
Gary,Simon
Walter,Myers
Adeline,Dixon
Kathryn,Simmons
Jeanette,Hampton
Lida,Ruiz
Virginia,Estrada
Marion,Davidson
Wayne,McDonald
William,Mann
Jon,Williamson
Mina,Sullivan
Bess,Morris
Jessie,Cole
Alice,Gray
Douglas,Morales
Todd,Moss
Hannah,Todd
Francis,Brooks
Emilie,Knight
Travis,Morrison
Rena,Castro
Leona,McKinney
Eleanor,Lyons
Miguel,Ramsey
Ronald,White
Dean,Mullins
Elva,Ballard
Brandon,Buchanan
Corey,Warren
Johanna,Alvarez
Ora,Anderson
Minerva,Hopkins
Theodore,Gilbert
Ethel,Welch
Maria,Harrison
Ruby,Santos
Nora,Strickland
Lora,Quinn
Nathaniel,McDaniel
Della,Lawson
Adam,Mullins
Marion,Santos
Joel,Santos
Douglas,Fletcher
Winifred,Allen
Christina,Ramirez
Ophelia,Hunter
Lulu,Curry
Bruce,Wright
Iva,Glover
Logan,Lambert
Patrick,French
Lottie,Morris
Jesse,Barrett
Lula,Greer
Albert,Underwood
Lloyd,George
Gertrude,Todd
Cynthia,Thornton
Benjamin,Carter
Estelle,Stevens
Jeremiah,Cole
Lou,Howard
Eugenia,Smith
Carl,Osborne
Ann,Harper
Ada,Guzman
Harry,Snyder
Norman,Bowen
Lilly,Neal
Cecelia,Day
Cameron,Boyd
Rachel,Santos
Chester,Chandler
Jeff,Bowers
Flora,Cooper
Lora,Stanley
Eleanor,Stevens
Patrick,Porter
Christian,Rodgers
Ora,Greer
Cole,Hunt
Glen,Parks
Sarah,Romero
Don,Maxwell
Mario,Green
Zachary,Fowler
Caroline,Young
Leon,Cook
Mike,Howard
Minnie,Curtis
Lucile,Butler
Chad,Dean
Eleanor,Byrd
Ollie,Shaw
Dora,Turner
Estella,Berry
Annie,Richards
Helen,Rose
Rosetta,Nichols
Madge,Castillo
Victoria,Little
Mario,Wright
Steve,Keller
Cornelia,Zimmerman
Rosa,McDonald
Henrietta,Warner
Ruth,Hill
Paul,Reese
Lizzie,Moody
Loretta,Johnson
John,Sims
Paul,McCoy
Jeff,Parsons
Laura,Allen
Ophelia,Elliott
Olivia,Sanchez
James,Pittman
Millie,Boyd
Roxie,Goodwin
Gregory,Klein
Mittie,Wright
Leon,Conner
Mark,Harrington
Lewis,Blake
Mable,Tyler
Polly,Welch
Ronnie,Montgomery
Isabelle,Weaver
Augusta,Mullins
Bobby,Pearson
Nannie,Adkins
Mildred,Caldwell
Maude,White
Ian,Dunn
James,Cannon
Chris,Aguilar
Aaron,Andrews
Adam,Burgess
Don,Barnes
Shane,Bates
Hilda,Herrera
Bettie,Brooks
Helena,French
Mike,Silva
Myra,Nunez
Myrtie,Nguyen
Carrie,Brewer
Emma,Schmidt
Winnie,Maxwell
Sylvia,Stokes
Roy,Medina
Lou,Burke
Gussie,Stanley
Delia,Jimenez
Alvin,Russell
Eddie,Lindsey
Rena,Bailey
Viola,Davidson
Jerry,Carter
Bobby,Craig
Blake,Lyons
Phoebe,Sherman
Samuel,Mendoza
Bill,Rodgers
Ola,Becker
Mittie,Barrett
Ruth,Smith
Lena,Doyle
Mollie,Duncan
Alma,Boone
Lela,Roy
Gerald,Boone
Virgie,Pope
Christina,Wilkerson
Mable,Murray
Isabelle,Hall
Ellen,Wallace
Mayme,Hamilton
Maud,Logan
Kate,Mason
Michael,McDonald
Adelaide,Carlson
Russell,Walton
Paul,Blake
Cameron,Wright
Brent,Flores
Barbara,Jefferson
Chad,Allen
Kathryn,Gibson
Adrian,Rhodes
Bill,Ortega
Carolyn,Wheeler
Beatrice,Alexander
Bernice,Mills
Beatrice,Lambert
Nettie,Hunter
Elnora,Lamb
Pauline,Matthews
Trevor,Davidson
Brett,Cortez
Nathan,Harmon
Nancy,Bates
Charles,Hansen
Kyle,Rios
Johanna,Brady
Christina,McCarthy
Eugene,Mathis
Louisa,Anderson
Elnora,Ramos
Peter,Pittman
Caroline,Reed
Essie,Ingram
Virgie,Fowler
Mark,Chapman
Lucy,Schneider
Celia,Weaver
Norman,Dennis
Owen,Hammond
Michael,Sims
Beulah,Lawson
Martha,Greer
Timothy,Morris
Carrie,Lucas
Ryan,Burke
Maria,McLaughlin
Celia,Sandoval
Polly,Park
Matthew,Rogers
Nettie,Richardson
Gabriel,Hubbard
Roger,Crawford
George,Waters
Kevin,Rowe
Gavin,Gill
Maria,Baker
Cecilia,Colon
Todd,Higgins
Harvey,Bush
Jackson,Tate
Dorothy,George
Cecelia,Jordan
Benjamin,Kim
Edith,Haynes
Jacob,Hanson
Allen,Burns
Lois,Fields
Adele,Howard
Max,Patton
Lydia,Wong
Beulah,Saunders
Alvin,Jefferson
Dora,Webb
Henry,Murphy
Lucinda,Sanders
Alfred,Haynes
Edna,Waters
Anne,Lowe
Carl,Clark
Bertie,Moran
Maggie,Benson
Jonathan,Williamson
Evelyn,Powers
Isabella,McKenzie
Lina,Wagner
Nina,Yates
Maud,Johnson
Belle,Perry
Gene,Fleming
Charlotte,Douglas
Dylan,Owen
Myrtle,Andrews
Florence,Campbell
Allen,Richardson
Elijah,Holloway
Barry,Swanson
Adelaide,Rhodes
Isabelle,Glover
Ina,Bailey
Shane,Stevenson
Vera,Rodgers
Gavin,Ward
Mario,Sims
Martha,Baker
Benjamin,Marsh
Josie,Walker
Harry,Romero
Alvin,Hughes
Josie,Young
Clara,Stephens
Madge,Carr
Dylan,Blake
Evelyn,Underwood
Victoria,Nichols
Ralph,Weber
Eugenia,Arnold
Frank,Barrett
Chad,Foster
Andre,Roberts
Sophie,Walker
Mitchell,Pena
Chad,Delgado
William,Lawrence
Violet,Cortez
Caroline,Blake
Clara,Becker
Jane,Duncan
Herman,Gonzalez
Bessie,Young
Leah,Gonzalez
Anthony,Holmes
Martha,McLaughlin
Howard,Barber
Joel,Lambert
Dominic,Hayes
John,Obrien
Maud,Boyd
Tony,Johnson
Carlos,Andrews
Winifred,Banks
Rose,Matthews
Hattie,Kennedy
Isaiah,Foster
Daisy,Sims
Corey,Farmer
Elsie,Pena
Craig,Cannon
Isaac,Warner
Arthur,Buchanan
Nannie,Brown
Craig,Bailey
Steve,Duncan
Peter,Love
Troy,Black
Roger,Alvarado
Ricky,Warren
Lena,Riley
Maude,Gonzalez
Georgie,Harrington
Ricky,Harvey
Rose,Norris
Bernard,Lloyd
Christian,Powell
Alice,Garner
Agnes,Garner
Aiden,Casey
Nora,Copeland
Julia,Marsh
Maude,Mason
Hettie,Blake
Caroline,Edwards
Bruce,Stephens
Scott,Mason
Mary,Ellis
Darrell,Parks
Gavin,Rios
Hettie,Maxwell
Josephine,Cruz
John,Wright
Owen,Porter
David,Logan
Ethel,Henderson
Rosetta,Fernandez
Jeffrey,Parks
Corey,Becker
Lula,Alvarado
Wesley,Gibson
Catherine,Lawson
Ethel,Adkins
Kenneth,Day
Jayden,Bass
Jose,Porter
Trevor,Bass
Genevieve,Hansen
Jeff,Ramos
Anne,Hunter
Jessie,Torres
Maria,Payne
Justin,Rose
Patrick,Delgado
Logan,Walker
Eliza,Pearson
Emily,Fox
Douglas,Grant
Agnes,Simpson
Linnie,Lamb
Ella,Gregory
Marion,Wong
Lenora,Gomez
Alan,Marsh
Winifred,Francis
Lee,Nash
Nathaniel,Bowers
Maria,Gonzales
Kyle,Lawrence
May,Yates
Howard,Shelton
Roy,Sanders
Violet,Vega
Virgie,Reid
Melvin,Barrett
Jay,Harvey
Melvin,Fleming
Walter,Wells
Glenn,Fuller
Olive,Moreno
Katie,Thompson
Danny,Harrington
Georgia,Buchanan
Jason,Holt
Nora,Owen
Ollie,Maldonado
Sadie,Wilson
Jorge,Grant
Maggie,Lowe
Jacob,Rose
Cole,Williams
Daniel,Atkins
Lula,Hammond
Dora,Warren
Nelle,Reeves
Gabriel,Tyler
Cecilia,Lawrence
Leroy,Francis
Lettie,Fox
Katherine,Jones
Sally,Howell
Clifford,Reed
Ricardo,Fowler
Carlos,Gutierrez
Betty,Crawford
Milton,Greene
Ellen,Rios
Victor,Ruiz
Lou,Simon
Josie,Butler
Gertrude,Cooper
Theresa,Baker
Georgia,Graham
Lillian,Morales
Mario,Haynes
Randall,Bradley
Cordelia,Gregory
Carl,Reynolds
Derek,Franklin
Lora,Davis
Gordon,Morgan
Edward,Schneider
Anne,Nelson
Jorge,Wise
Bradley,Turner
Lucy,Vega
Earl,Roy
Clarence,Barton
